,,,Disponible en Orbinox?,No,Sí,No,No,No,No,No,No,No,No,Sí,Sí,No,Sí,Sí,Sí,No,Sí,Sí,Sí,No,Sí,Sí,Sí,No,No,Sí,No,Sí,No,Sí,Sí,No,No,No
,,Tipo de material,Plásticos,Plásticos,Plásticos,Plásticos,Plásticos,Plásticos,Plásticos,Plásticos,Plásticos,Plásticos,Plásticos,Plásticos,Plásticos,Plásticos,Elastómeros,Elastómeros,Elastómeros,Elastómeros,Elastómeros,Elastómeros,Elastómeros,Elastómeros,Elastómeros,Metales,Metales,Metales,Metales,Metales,Metales,Metales,Metales,Metales,Metales,No metales,No metales,No metales
,,Material,Plástico ABS,Acetal (Delrin),CPVC,Epoxy,Hytrel,LDPE,Noryl,Nylon,Policarbonato,Polipropileno,PPS (Ryton),PTFE (Teflón),PVC,PVDF (Kynar),Buna N (nitrilo),EPDM,Hypalón,Kel-F,Goma natural,Neopreno,Silicona,Tygón,Vitón,Acero inoxidable 304,Acero inoxidable 316,Aluminio,Latón,Bronce,Carpenter 20,Fundición hierro,Cobre,Hastelloy C,Titanio,"Carbón, grafito",Cerámica Al2O3,Cerámica magnética
,Aceites y grasas,Anilina (aceite),,,,,,,,,,,,,,,,,,,,,,,,,,,,,,,,,,,,
,Aceites y grasas,Aceite de ballena,,,,,,,,,,,,,,,,,,,,,,,,,,,,,,,,,,,,
,Aceites y grasas,Aceite de maní (cacahuete),,,,,,,,,,,,,1,,,,,,,,,,,,,,,,,,,,,,,
,Aceites y grasas,Aceite de cachalote (espermaceti),,,,,,,,,,,,,,,,,,,,,,,,,,,,,,,,,,,,
,Aceites y grasas,Aceite esencial de canela,,,,,,,,,,,,,,,,,,,,,,,,,,,,,,,,,,,,
,Aceites y grasas,Aceite de ricino (castor),,,,,1,,,,,,,,,,,,,,,,,,,,,,,,,,,,,,,
,Aceites y grasas,Aceite de cereal,,,,,,,,,,2,,,,,,,,,,,,,,,,,,,,,,,,,,
,Aceites y grasas,Aceite esencial cítrico,,,,,,,,,,,,,,,,,,,,,,,,,,,,,,,,,,,,
,Aceites y grasas,Aceite esencial de clavo,,,,,,,,,,,,,,,,,,,,,,,,,,,,,,,,,,,,
,Aceites y grasas,Aceite de coco,,,1,,,,,,,1,,,1,,,,,,,,,,,,,,,,,,,,,,,
,Aceites y grasas,Aceite de colza,,,,,,,,,,,,,,,,,,,,,,,,,,,,,,,,,,,,
,Solventes orgánicos,Creosota,,,,,,,,,,,,,,,,,,,,,,,,,,,,,,,,,,,,
,Aceites y grasas,Grasa de curtido,,,,,,,,,,,,,,,,,,,,,,,,,,,,,,,,,,,,
,Aceites y grasas,"Diesel (20, 30, 40, 50) (lubricante)",,,,1,1,,,,,1,,,,,,,,1,,,,,,,,,,,,,,,,,,
,Aceites y grasas,"Fuel oil (1, 2, 3, 5A, 5B, 6) (lubricante)",,,,1,,,1,,,,,,2,,,,,,,,,,,,,1,,,,,,1,,,,
,Aceites y grasas,Aceite esencial de gengibre,,,,,,,,,,,,,,,,,,,,,,,,,,,,,,,,,,,,
,Aminas y nitrogenados,Glicina,,,2,,,1,,,,1,,,1,,,,,,,,,,,,,,,,,,,,,,,
,Aceites y grasas,Aceite hidráulico mineral,,,,,,,,1,,,,,,,,,,,,,,,,,,,,,,,,,,,,
,Aceites y grasas,Aceite hidráulico sintético,,,,,,,,1,,,,,,,,,,,,,,,,,,,,,,,,,,,,
,Aceites y grasas,Aceite de hígado de bacalao,,,1,,,,,,,1,,,1,,,,,,,,,,,,,,,,,,,,,,,
,Aceites y grasas,Aceite esencial de laurel,,,,,,,,,,,,,,,,,,,,,,,,,,,,,,,,,,,,
,Aceites y grasas,Aceite esencial de limón,,,,,,,,,,,,,,,,,,,,,,,,,,,,,,,,,,,,
,Aceites y grasas,Aceite de linaza,,,,,1,,1,1,,,,,2,,,,,,,,,,,,,,,,,,,,,,,
,Aceites y grasas,Aceite esencial de anís (matalauva),,,,,,,,,,,,,,,,,,,,,,,,,,,,,,,,,,,,
,Aceites y grasas,Aceite esencial de menta,,,,,,,,,,,,,,,,,,,,,,,,,,,,,,,,,,,,
,Aceites y grasas,Aceite mineral,,,,,,1,1,,,,,,,,,,,,,,,,,,,,,,,,,,,,,
,Aceites y grasas,Aceite esencial de naranja,,,,,,1,,,1,,,,1,,,,,,,,,,,,,,,,,,,,,,,
,Aceites y grasas,Aceite de oliva,,,,,,1,2,1,2,,,1,,,,,,,,,,,,,,,,,,,,,,,,
,Aceites y grasas,Aceite de palma,,,,,,,,,,,,,,,,,,,,,,,,,,,,,,,,,,,,
,Aceites y grasas,Aceite esencial de piña,,,,,,,,,,,,,,,,,,,,,,,,,,,,,,,,,,,,
,Resinas,Resina (natural),,,,,,2,,1,,2,,,1,,,,,,,,,,,1,1,1,,1,,,,,,,,
,Aceites y grasas,Aceite de semilla de algodón,,,,1,1,,,,,,,,2,,,,,2,,,,,,,,,,,,,,,,,,
,Aceites y grasas,Aceite de sésamo,,,,,,,,,,,,,,,,,,,,,,,,,,,,,,,,,,,,
,Aceites y grasas,Aceite de silicona,,,,,,,1,1,,,1,,,,,,,,,,,,,,,,,,,,,,,,,
,Aceites y grasas,Aceite dieléctrico para transformadores,,,,,,1,,1,,,,,,,,,,,,,,,,,,,,,,,,,,,,
,Aceites y grasas,Aceite de turbina,,,,,,,,,,1,,,1,,,,,,,,,,,,,,,,,,,,,,,
,Aldehídos y cetonas,Acetaldehído,,,,,,,,,1,1,,,,,,,,,,,,,,,,,,,,,,,,,,
,Aminas y nitrogenados,Acetamida,,,,,,,,,,1,,,,,,,,,,,,,,,,,,,,,,,,,,
,Solventes orgánicos,Acetato (disolvente),,,,,,,,,,1,,,,,,,,1,,,,,,,,,,,,,,,,,,
,Ácidos,Ácido acético,,,,,,2,,,1,,,,,,,,,,,,,,,,,,,,,,,,,,,
,Ácidos,Ácido acético (20%),,,,1,,,,,1,,,,,,,,,,,,,,,,,,,,,,,,,,,
,Ácidos,Ácido acético (80%),,,,1,,,,,1,,,,,,,,,,,,,,,,,,,,,,,,,,,
,Ácidos,Ácido acético glacial,,,1,1,1,,,,1,1,,,,1,,,,2,,,,,,,,,,,,,,,,,,
,Anhídridos y halogenuros,Anhídrido acético,1,,,,,,,1,,1,,,,1,,,,,,,,,,,,,,,,,,,,,,
,Anhídridos y halogenuros,Bromuro de acetilo,,,,,,,,,,,,,,,,,,,,,,,,,,,,,,,,,,,,
,Anhídridos y halogenuros,Cloruro de acetilo,,,,,,,,,,,,,,2,,,,,,,,,,,,,,,,,,,,,,
,Hidrocarburos,Acetileno,,,,,,,,,,1,,,1,,,,,,,,,1,,,,,,,,,,,,,,
,Aldehídos y cetonas,Acetona,,,,1,,1,,,,,,,,,,,,,,,,,,,,,,,,,,,,,,
,Aminas y nitrogenados,Acrilonitrilo,,,,,,,,1,,1,,,1,1,,,,,1,,,,,1,1,1,,,1,1,,,,,,
,Ácidos,Ácido adípico,,,2,,,,,,,2,,,2,2,,2,,,1,,,2,2,1,2,,,,,,,,,2,,
,Otros inorgánicos,Agua ácida de mina,,1,,,,2,,,2,,,,,,,,,,,,,,,,,,,,,,,,,,,
,Otros inorgánicos,Agua blanca,,,,,,,,,,,,,,,,,,,,,,,,,,,,,,,,,,,,
,Otros inorgánicos,Agua de mar,,,,,,2,1,2,2,,,,2,,2,2,,,1,2,1,,,,,,,,,,,,,,,
,Otros inorgánicos,Agua desionizada,,,,2,,,2,1,,2,,2,2,2,1,1,2,1,,,,2,1,,2,2,,,,,,2,2,2,,
,Otros inorgánicos,Agua destilada,,,,,,2,,1,2,,,,2,,,,,,,,,,,,,,,,,,,,,,,
,Ácidos,"Agua Regia (80% HCI, 20% HNO3)",,,1,,,1,,,,1,,,1,2,,,,,,,,,,,,,,,,,,,1,,,
,Otros inorgánicos,Agua salada,,,,,,2,,2,2,,,,,,,,,,,,,,,,,,,,,,,,,,,
,Alcoholes,Amyl (alcohol),,,2,,,2,,1,1,1,,,2,,,,,,,,,2,,,,,,,,,,,,,,
,Alcoholes,Benzil (alcohol),,,,,,,,1,,,,,,,,,,,,,,,,,,,,,,,,,,,,
,Alcoholes,Butil (alcohol),1,,2,,,,,,2,,,,2,,,,,,,,,2,,,,,,,,,,,,,,
,Alcoholes,Diacetona (alcohol),,,,,,1,,1,,2,,,,,,,,1,,,,1,,1,,1,,,,,,,,,,
,Alcoholes,Etil (alcohol),1,1,,2,,,1,1,2,,,,,,,,,,,,,,,,,,,,,,,,,,,
,Alcoholes,Hexil (alcohol),,,,,,,,,,,,,2,,,,,,,,,2,,,,,,,,,,,,,,
,Alcoholes,Isobutil (alcohol),,,,,,2,,1,,1,,2,1,,,,,,,,,1,,,,,,,,,,,,,,
,Alcoholes,Isopropil (alcohol),,,,,,2,1,,2,2,,2,1,,,,,,,,,1,,,,,,,,,,,,,,
,Alcoholes,Metil (alcohol),,,,1,,1,,1,1,2,,,1,,,,,1,,,,1,,,,1,,,,,1,,,,,
,Alcoholes,Octil (alcohol),1,,1,,,,,,,,,,,,,,,,,,,,,,,,,,,,,,,,,
,Alcoholes,Propil (alcohol),1,,2,,,2,2,,,,,,1,2,,,,,,,,1,,,,,,,,,,,,,,
,Productos alimenticios,Almidón,,,,,,,2,1,,2,,,,,,,,,,,,,,,,,,,,,,,,,,
,Sales,Cloruro de aluminio,1,,,1,,2,,1,1,,,,2,,,,,,,,,2,,,,,,,1,,,,,,,
,Sales,Cloruro de aluminio (20%),,,,1,,2,,,1,,,,1,,,,,,,,,1,,,1,,,,1,,,,,,,
,Sales,Fluoruro de aluminio,,,,1,,2,1,1,,,,,2,,,,,,,,,2,,,,1,,,,,,,,,,
,Bases,Hidróxido de aluminio,,,,1,,2,,1,1,,,,2,,,,2,1,,,,2,,1,1,1,,,1,,,,1,,,
,Sales,Nitrato de aluminio,,1,,2,,2,,1,1,2,,,2,2,2,2,2,1,1,1,1,2,2,,,,,,,,,,,2,,
,Sales,Sulfato de aluminio y potasio (10%),,,,1,,2,2,,1,,,,2,,,,,,,,,2,,,,,,,,,2,,,,,
,Sales,Sulfato de aluminio y potasio (100%),,,,1,,2,2,,2,,,,2,,,,,,,,,2,,,2,,,,,,,,,,,
,Sales,Sulfato de aluminio,2,1,2,2,1,2,,2,,,,,2,,,,,,,,,2,,,2,1,1,,,,2,,,,,
,Sales,Alumbres,,,,,,,,,,,,,,,,1,,,,,1,,,,,,,,,,,,,,,
,Aminas y nitrogenados,Aminas,,,,2,1,1,,,,2,,2,,,,,,,,,,,,,,,1,,,,,,,,,
,Aminas y nitrogenados,Amoníaco (10%),,,,2,,1,1,,,2,1,,1,,,,,,,,,1,,,,2,,,1,,,,,,,
,Aminas y nitrogenados,Amoníaco anhidro,,,1,,,2,1,1,,,1,,2,,,,,,,,,2,,,2,1,,,,,,,,,,
,Aminas y nitrogenados,Amoníaco líquido,,,,1,,1,,1,,2,1,,1,,,,,,,,,2,,2,2,,,,2,,,,,,,
,Sales,Nitrato de amoníaco,,,,,,,1,,,,,,,,,,,,,,,,,,,,,,,,,,,,,
,Sales,Acetato de amonio,,,,,,,,,,,,,,,,,,,,,,,,,,,,,,,,,,,,
,Sales,Bifluoruro de amonio,2,,,1,,2,,,,,,,2,,,2,,,,,,2,,,1,,,,,,,,,,,
,Sales,Carbonato de amonio,2,,,2,,2,2,1,,,,,2,,,,,,,,,2,,,,,,,,,,,,,,
,Productos alimenticios,Caseinato de amonio,,,,,,,,,,,,,,,,,,,,,,,,,,,,,,,,,,,,
,Sales,Cloruro de amonio,2,,2,1,1,2,,,2,,,,2,,,,,,,,,2,,,2,1,,,,,,,,,,
,Sales,Fosfato dibásico de amonio,2,2,,1,,2,,1,2,,,2,2,,,,,,,,,2,,,,1,1,,1,,,,,,,
,Sales,Fosfato monobásico de amonio,,,,,1,,,,,,,,,,,,,,,,,,,,,,,,,,,,,,,
,Sales,Fosfato tribásico de amonio,,,,,,,,,,,,,,,,,,,,,,,,,,,,,,,,,,,,
,Bases,Hidróxido de amonio,,,,1,,1,,,,,,,,,,,,,,,,,,1,1,2,,,,,,,,,,
,Sales,Nitrato de amonio,,2,2,2,1,1,,1,,,,,2,,,,,,,,,2,,1,,1,,,,,,,,,,
,Sales,Oxalato de amonio,,,,,,,,,1,,,,,,,,,,,,,,,,,,,,,,,,,,,
,Sales,Persulfato de amonio,2,,,1,,2,1,,,,,1,2,1,,,,,,,,2,,,,,,,,,,,,,,
,Sales,Sulfato de amonio,2,1,,2,1,1,,1,2,,,,2,,,,,,,,,2,,,,1,,,,,,,,,,
,Sales,Sulfito de amonio,,,,,1,2,2,1,,2,,2,2,,1,1,2,2,2,1,,2,,,,,,,,,,,,,,
,Sales,Tiosulfato de amonio,,,,,,,,,,,,,,,,1,,,,,,,,,,,,,,,,,,,,
,Solventes orgánicos,Acetato de amilo,,1,,2,1,1,,2,,1,,,,2,,,,1,,,,,,1,,,,,,,,,,,,
,Alcoholes,Alcohol amílico,1,,2,2,1,2,,1,,1,,,2,,,,,,,,,,,,,,1,,,,,,,,,
,Solventes orgánicos,Cloruro de amilo,,,,1,,,,1,,,,,,,,,,,,,,,1,2,2,1,,,2,,,1,,,,
,Aminas y nitrogenados,Anilina,,1,2,,,,,2,,1,,,1,1,,,,2,,,,,,,,,,,,,,,,,,
,Aminas y nitrogenados,Clorhidrato de anilina,,,,,,,,,,,,,2,2,,,,,,,,,,,,,,,,,,,,,,
,Alcoholes,Anticongelante,,,,,,,,,,,,,,,,,,,,,,,,,,,,,,,,,,,,
,Otros inorgánicos,Triocloruro de antimonio,2,,2,,,2,2,,2,,,,2,,,1,,,,,,,2,,,,,,,,,,,,,
,Otros inorgánicos,Aroclor 1248 (PCB),,,,2,1,1,,1,,,,,,,1,,,1,,,,,,,,,1,,,,,,1,,,
,Hidrocarburos,Hidrocarburos aromáticos,,,,,1,,,,,,,,,,,,,,,,,,,,,,,,,,,,,,,
,Ácidos,Ácido arsénico,2,,1,2,,2,1,1,1,,,,1,,2,2,,,,,,,2,2,2,,,,1,,,,,,,
,Sales,Sales de arsénico,,,,,1,,,,,,,,,,,,,,,,,,,,,,,,,,,,,,,
,Hidrocarburos,Asfalto,,2,2,,1,1,,,,1,,1,2,,,,,,,,,,,,,,1,1,,,,,,,,
,Productos alimenticios,Azúcar de remolacha,,,2,1,,1,,,,1,,1,2,,,,,,,,,,,,,,,,,,,,,,,
,Productos alimenticios,Azúcar,,,,,,,2,1,,,,,,,,,,,,,,,,,,,,,,,,,,,,
,Otros inorgánicos,Cloruro de azufre,,,1,,,1,,1,,1,,,1,1,,,,,,,,,,,,,,,,,,,,,,
,Gases,Dióxido de azufre,,,2,1,,1,,1,,1,,,1,,,2,,,,,,,,,1,,,,,,,,,,,
,Gases,Dióxido de azufre (seco),,,2,1,,1,,1,1,1,,,2,,,2,,,,,,,,,,,,,,,,,,,,
,Gases,Hexafluoruro de azufre,,,,,,,,,,,,,,,,,,,,,,,,,,,,,,,,,,,,
,Gases,Trióxido de azufre,,,,,,,,,,,,,,,,2,,,,,,,,,,,,,,,,,,,,
,Gases,Trióxido de azufre (seco),,,,,,1,,1,,,,,1,1,,1,,,,,,,,,,,,,,,,,,,,
,Baños de recubrimiento,Baño electrolítico de antimonio 55º C,,,,,,,,,,,,,,,,,,,,,,,,,,,,,,,,,,,,
,Baños de recubrimiento,Baño electrolítico de arsénico 44º C,,,,,,,,,,,,,,,,,,,,,,,,,,,,,,,,,,,,
,Baños de recubrimiento,Baño de bronce cobre-cadmio (temperatura ambiente),,,,,,,,,,,,,,,,,,,,,,,,,,,,,,,,,,,,
,Baños de recubrimiento,Baño de bronce cobre-estaño 71º C,,,,,,,,,,,,,,,,,,,,,,,,,,,,,,,,,,,,
,Baños de recubrimiento,Baño de bronce cobre-zinc 38º C,,,,,,,,,,,,,,,,,,,,,,,,,,,,,,,,,,,,
,Baños de recubrimiento,Baño de cadmio (cianuro) 32º C,,,,,,,,,,,,,,,,,,,,,,,,,,,,,,,,,,,,
,Baños de recubrimiento,Baño crómico-sulfúrico 55º C,,,,,,,,,,,,,,,,,,,,,,,,,,,,,,,,,,,,
,Baños de recubrimiento,Baño de fluoruro 55º C,,,,,,,,,,,,,,,,,,,,,,,,,,,,,,,,,,,,
,Baños de recubrimiento,Baño de fluosilicato 35º C,,,,,,,,,,,,,,,,,,,,,,,,,,,,,,,,,,,,
,Baños de recubrimiento,Baño (cianuro) golpe de cobre 50º C,,,,,,,,,,,,,,,,,,,,,,,,,,,,,,,,,,,,
,Baños de recubrimiento,Baño de cobre (cianuro) alta velocidad 82º C,,,,,,,,,,,,,,,,,,,,,,,,,,,,,,,,,,,,
,Baños de recubrimiento,Baño de cobre (cianuro) Sal de Rochelle 66º C,,,,,,,,,,,,,,,,,,,,,,,,,,,,,,,,,,,,
,Baños de recubrimiento,Baño (ácido) fluoborato de cobre 50º C,,,,,,,,,,,,,,,,,,,,,,,,,,,,,,,,,,,,
,Baños de recubrimiento,Baño (ácido) sulfato de cobre (temperatura ambiente),,,,,,,,,,,,,,,,,,,,,,,,,,,,,,,,,,,,
,Baños de recubrimiento,Baño de pirofosfato de cobre,,,,,,,,,,,,,,,,,,,,,,,,,,,,,,,,,,,,
,Baños de recubrimiento,Baño autocatalítico de cobre (electroless),,,,,,,,,,,,,,,,,,,,,,,,,,,,,,,,,,,,
,Baños de recubrimiento,Baño ácido de oro 24º C,,,,,,,,,,,,,,,,,,,,,,,,,,,,,,,,,,,,
,Baños de recubrimiento,Baño cianurado de oro 24º C,,,,,,,,,,,,,,,,,,,,,,,,,,,,,,,,,,,,
,Baños de recubrimiento,Baño neutro de oro 24º C,,,,,,,,,,,,,,,,,,,,,,,,,,,,,,,,,,,,
,Baños de recubrimiento,Baño de sulfamato de indio (temperatura ambiente),,,,,,,,,,,,,,,,,,,,,,,,,,,,,,,,,,,,
,Baños de recubrimiento,Baño de hierro Am (sulfato ferroso) 65º C,,,,,,,,,,,,,,,,,,,,,,,,,,,,,,,,,,,,
,Baños de recubrimiento,Baño de cloruro ferroso 88º C,,,,,,,,,,,,,,,,,,,,,,,,,,,,,,,,,,,,
,Baños de recubrimiento,Baño de sulfato ferroso 65º C,,,,,,,,,,,,,,,,,,,,,,,,,,,,,,,,,,,,
,Baños de recubrimiento,Baño de fluoborato de hierro 63º C,,,,,,,,,,,,,,,,,,,,,,,,,,,,,,,,,,,,
,Baños de recubrimiento,Baño de sulfamato de hierro 60º C,,,,,,,,,,,,,,,,,,,,,,,,,,,,,,,,,,,,
,Baños de recubrimiento,Baño de cloruro-sulfamato de hierro 71º C,,,,,,,,,,,,,,,,,,,,,,,,,,,,,,,,,,,,
,Baños de recubrimiento,Baño de fluoborato de plomo,,,,,,,,,,,,,,,,,,,,,,,,,,,,,,,,,,,,
,Baños de recubrimiento,Baño autocatalítico de níquel (electroless) 93º C,,,,,,,,,,,,,,,,,,,,,,,,,,,,,,,,,,,,
,Baños de recubrimiento,Baño de fluoborato de níquel 38º-77º C,,,,,,,,,,,,,,,,,,,,,,,,,,,,,,,,,,,,
,Baños de recubrimiento,Baño de cloruro de níquel 55º-71º C,,,,,,,,,,,,,,,,,,,,,,,,,,,,,,,,,,,,
,Baños de recubrimiento,Baño de sulfamato de níquel 38º-60º C,,,,,,,,,,,,,,,,,,,,,,,,,,,,,,,,,,,,
,Baños de recubrimiento,Baño de niquel tipo Watts,,,,,,,,,,,,,,,,,,,,,,,,,,,,,,,,,,,,
,Baños de recubrimiento,Baño de rodio 50º C,,,,,,,,,,,,,,,,,,,,,,,,,,,,,,,,,,,,
,Baños de recubrimiento,Baño de plata 27º-49º C,,,,,,,,,,,,,,,,,,,,,,,,,,,,,,,,,,,,
,Baños de recubrimiento,Baño de fluoborato de estaño 38º C,,,,,,,,,,,,,,,,,,,,,,,,,,,,,,,,,,,,
,Baños de recubrimiento,Baño de estaño-plomo 38º C,,,,,,,,,,,,,,,,,,,,,,,,,,,,,,,,,,,,
,Baños de recubrimiento,Baño (ácido) cloruro de zinc 60º C,,,,,,,,,,,,,,,,,,,,,,,,,,,,,,,,,,,,
,Baños de recubrimiento,Baño (ácido) fluoborato de zinc (temperatura ambiente),,,,,,,,,,,,,,,,,,,,,,,,,,,,,,,,,,,,
,Baños de recubrimiento,Baño (ácido) sulfato de zinc 66º C,,,,,,,,,,,,,,,,,,,,,,,,,,,,,,,,,,,,
,Baños de recubrimiento,Baño cianuro alcalino de zinc (temperatura ambiente),,,,,,,,,,,,,,,,,,,,,,,,,,,,,,,,,,,,
,Sales,Carbonato de bario,2,,2,2,,2,2,1,2,,2,,2,,2,,,,,,,,,1,,,1,,1,,,,,,,
,Sales,Cianuro de bario,,,,,,,,1,,,,1,,,,,,,,,,,,1,2,1,1,,1,1,,,,,,
,Sales,Cloruro de bario,2,,1,2,1,1,,,,,,,1,,,,,,,,,,,1,1,,1,1,,,1,,,,,
,Bases,Hidróxido de bario,2,,2,2,1,2,2,1,,,,,2,,,,,,,,,,,1,,,,,1,,,,,,,
,Sales,Nitrato de bario,,2,,1,,2,,1,,,,1,,,2,,,,,,,,,1,,,,,,,,,,,,
,Sales,Sulfato de bario,2,2,1,2,,2,1,1,,1,,,1,,,,,,,,,,,1,1,,,,,,,,,,,
,Sales,Sulfuro de bario,2,,2,2,,2,2,1,,,,,2,,,,,,,,,,,1,2,,,,1,,,,,,,
,Resinas,Barniz,,,,,,,,,,,,,,,,,,,,,,,,,,,,,,,,,,,,
,Hidrocarburos,Benceno,,1,,1,,1,,1,,,,,1,2,,,,,,,,,,,,,,,,,,,,,,
,Ácidos,Ácido bencenosulfónico,,,,,,1,,,,,,,,,,,,,,,,,,,,,,,,,,,,,,
,Aldehídos y cetonas,Benzaldehído,,,,,,1,,1,,,,1,,2,,,,,,,,,,,,,,,,,,,,,,
,Anhídridos y halogenuros,Cloruro de bencilo,,,,,,,,2,,1,,,,,,,,,,,,,2,1,1,,,,,,,,,1,,
,Ácidos,Ácido benzoico,,,1,1,,1,,,1,1,1,2,,,,,,,,,,,,,,,,,,,,1,,,,
,Hidrocarburos,Benzol,,,,1,,1,,,,,,,,,,,,,,,,1,,1,1,1,,,,,,,,,,
,Aminas y nitrogenados,Benzonitrilo,,,,,,,,,1,,,2,,,,,,2,,,1,,,,,,,,,,,,,,,
,Otros inorgánicos,Licores de blanqueamiento,,,,,,1,,,,,,,1,,,,,,,,,,,,,,,,,,,,,,,
,Sales,Bórax,,,,1,1,2,1,,,,,,1,,,,,,,,,,,,,1,,,,,,,,,,
,Ácidos,Ácido bórico,,,,1,1,2,1,,,,,,2,,,,,,,,,,,2,1,,,,2,,,,,,,
,Otros inorgánicos,Bromo,,,,,,,1,,1,,,,1,,,,,,,,,,,,,,,,,,,,,,,
,Hidrocarburos,Butadieno,,,1,1,,,,1,,,1,2,1,,,,,,,,,,,,1,,,,,,,,,,,
,Hidrocarburos,Butano,,,1,1,,1,,2,,1,,,1,,,,,,,,,,,2,2,,,,,,,,,,,
,Alcoholes,Alcohol butílico (butanol),,,,,1,2,,1,1,1,,2,1,,,,,1,,,,,,,1,,,,,,,,,,,
,Solventes orgánicos,Acetato de butilo,,,1,1,,1,,,,1,,,,2,,,,1,,,,,,,,,,,1,,,,,,,
,Aminas y nitrogenados,Butilamina,,1,,2,,1,,2,,1,,2,,1,,,,,,,1,,,,,2,,,,,,2,2,2,,
,Solventes orgánicos,Éter butílico,,,,1,,,,2,,,2,1,2,1,2,,,1,,,,2,,,1,1,,,,,,,,1,,
,Solventes orgánicos,Ftalato de dibutilo,,,,2,,1,2,2,,2,,2,,1,,2,,1,,,1,,1,1,2,2,,,,,,2,,2,,
,Hidrocarburos,Butileno (buteno),,,,1,,1,,1,,,,,1,,,,,1,,,,,,,,,,,,,,,,,,
,Ácidos,Ácido butírico,,,,,1,,,1,,1,,2,1,,,,,,,,,,1,2,2,,,,,,,1,,,,
,Productos alimenticios,Café,,,,,,,,,,,,,,,,,,,,,,,,,,,,,,,,,,,,
,Sales,Cal,,,,,,,,1,,,,1,,,,,,,,,,,,,,,,,,,,,,,,
,Sales,Bisulfato de calcio,,,,,,,,,,,,,,,,,,,,,,,,,,,,,,,,,,,,
,Sales,Bisulfuro de calcio,,,1,,1,1,,,,,,,2,,1,,,,,,,,,,,,,,,,,,,,,
,Sales,Bisulfito de calcio,,,1,1,,1,1,2,,,,,,,,,,,,,,,,,,,,,1,,,,,,,
,Sales,Carbonato de calcio,,,,1,,1,2,,2,,,,2,,,,,,,,,,,1,,,,,1,,,,,,,
,Sales,Clorato de calcio,,,1,,,,,,,,,,2,,,,,,,,,,,,,,,,,,,,,,,
,Sales,Cloruro de calcio,,,2,1,1,2,,1,,2,,,,,,,,,,,,,,2,2,,,,,,,,,,,
,Bases,Hidróxido de calcio,,,2,1,1,2,2,2,,2,,,,2,,,,,,,,2,,1,,1,,,,,,,,,,
,Sales,Hipoclorito de calcio,,,1,1,1,1,,,,1,,,1,,1,1,,1,,,,,,1,1,,,,,,,,1,,,
,Sales,Nitrato de calcio,,,2,2,,1,2,1,2,2,,2,2,2,2,2,1,1,1,2,1,2,2,1,2,1,,2,,,,2,2,2,,
,Bases,Óxido de calcio,,,,,,1,,,,,,,,,,,,,,,,,,,,,,,,,,,,,,
,Sales,Sulfato de calcio,,,2,2,,1,,,2,,,,2,,2,,,,,,,,,,,,,,1,,,,,,,
,Sales,Calgon (hexametafosfato de sodio),,,,,,,,,,,,,,,,,,,,,,,,,,,,,,,,,,,,
,Productos alimenticios,Jugo de caña,,,2,,,,,,,1,,,1,1,,,,,,,,,,,,,,,,,,,,,,
,Solventes orgánicos,Disulfuro de carbono,,1,,1,1,1,,1,,,,,,2,,,,,,,,,1,1,,,,,,,,,,,,
,Gases,Dióxido de carbono,,,,1,,1,1,1,1,,,,1,,,,,,,,,,,,1,,,,,,,,,,,
,Gases,Hielo seco (dióxido de carbono sólido),,,,1,1,1,1,1,,2,,,2,,,,,,,,,,,,1,1,,,,,,,,,,
,Gases,Monóxido de carbono,,,2,1,,2,2,1,,,,,2,,,,,1,,,2,,,,,,,,,,,,,,,
,Solventes orgánicos,Tetracloruro de carbono,,1,,1,,,,,,,,,,2,,,,1,,,,,,,,,,2,,,,1,,,,
,Solventes orgánicos,Tetracloruro de carbono (seco),,,,,,,,,,,2,,,2,1,1,,,,,,,2,,2,,1,2,,,,,2,2,,
,Solventes orgánicos,Tetracloruro de carbono (húmedo),,1,,,,,,,,,2,,,2,,,,1,,,,,,2,2,,1,2,,,,,2,2,,
,Otros inorgánicos,Agua carbonatada,,,,,,,,,,,,,,,,,,,,,,,,,,,,,,,,,,,,
,Ácidos,Ácido carbónico,,1,,2,,2,1,1,1,,,,2,,,,,,,,,,,1,,1,,,,,,2,1,,,
,Productos alimenticios,Salsa de tomate (ketchup / catsup),,,,,,,,,,,,,,,,,,,,,,,,,,,,,,,,,,,,
,Productos alimenticios,Cerveza,2,1,2,2,1,2,1,1,2,1,2,,2,,,,,,,,,,,,,,,1,,,,1,,,,
,Productos alimenticios,Levaduras cerveceras,,,,,,,,,,,,,,,,,,,,,,,,,,,,,,,,,,,,
,Ácidos,Ácido ciánico,,,,1,,,,,,,,,,,,,,,,,1,,,,,,,,,,,,,,,
,Hidrocarburos,Ciclohexano,,1,,2,1,1,,,,,,,,,,,,,,,,,,1,,,,,2,,,,,,,
,Aldehídos y cetonas,Ciclohexanona,,,,,,,,,,,,,,,,,,1,,,,,,1,2,,,,,,,1,,,,
,Aceites y grasas,Aceite cítrico,,,,,,,,,,,,,,,,,,,,,,,,,,,,,,,,,,,,
,Ácidos,Ácido cítrico,,1,2,1,1,,1,1,1,,,,2,,,,,2,,,,,,1,2,,,,,,,,2,,,
,Ácidos,Ácido clórico,,,,,,,,,,,,,2,,,,,,,,,,,,1,,,,1,,,2,,,,
,Resinas,Cola clorinada,,,,,,,,,,,,,,,,,,,,,,,,,,,,,,,,,,,,
,Otros inorgánicos,Agua clorada,,,2,1,,1,1,1,,,,,2,,,,,,,,,,,,,,,,2,,,2,,,,
,Gases,Cloro anhidro,,1,,1,,,1,,,,,,,1,,,,2,,,,,,1,,,,,,,,,,,,
,Gases,Cloro seco,,,,,,,1,,,,,,,,,,,,,,,,,1,,1,,,,,,2,,,,
,Ácidos,Ácido cloroacético,,,,1,,,,,,1,,,1,1,,,,2,,,,,,1,1,,,,1,,,1,1,,,
,Solventes orgánicos,Clorobenceno (monoclorobenceno),,,,1,,1,,,,1,,,,1,,,,1,,,,,,,,,1,,,,,,,,,
,Solventes orgánicos,Clorobromometano,,,,,,,,,,,,,,,,,,,,,,,,,,,,,,,,,,,,
,Solventes orgánicos,Cloroformo,,,,1,,1,,,,1,,1,,,,,,1,,,,,,,,1,1,,,,,1,2,,,
,Ácidos,Ácido clorosulfónico,,,,1,,,,,1,,,,,,,,,2,,,,,,,2,,,,,,,1,,,,
,Sales,Clorox (hipoclorito de sodio),,,,,,,,,,,,,,,,,,,,,,,,,,,,,,,,,,,,
,Sales,Cianuro de cobre,,,,1,,2,1,,,,,,2,,,,,,,,,,,,,,,,,,,1,,,,
,Sales,Cloruro de cobre,,,,,1,,,,,,,,1,,,,,,,,1,,,,,,,,,,,,,,,
,Sales,Fluoborato de cobre,,,1,,,,,,,,,,,,,,,,,,,,,,,,,,,,,,,,,
,Sales,Nitrato de cobre,,,,1,,2,1,,,,,,2,,,,,,,,,,,,2,,,,,,,2,,,,
,Sales,Sulfato de cobre (5%),,,,,1,2,1,,1,,,,2,,,,,,,,,,,,,,,,,,,,,,,
,Sales,Sulfato de cobre (>5%),,,,,1,2,1,,1,,,,2,,,,,,,,,,,,,,,,,,,,,,,
,Resinas,"Cola (cola blanca, cola fría) (acetato de polivinilo PVA)",,,,,,1,,1,,,,,,,,,,,,,,,,1,2,,,,,,,,,,,
,Aceites y grasas,Crema,,,,,,,,,,,,,,,,,,,,,,,,,,,,,,,,,,,,
,Otros orgánicos,Cresoles,,,,1,,1,,,,,,,,2,,,,1,,,,,,2,,,,,2,,,2,,,,
,Otros orgánicos,Ácido cresílico (mezcla de cresoles),,,,,,1,,,,1,,,,1,,,,,,,,,,1,,2,,,,,,1,1,,,
,Ácidos,Ácido crómico (5%),,,,,,,1,,,,,,2,,,,,,,,,,,,,,,1,,,,,,,,
,Ácidos,Ácido crómico (10%),,,2,,,,1,,,,,,2,,,,,,,,,,,,,,,,,,,,,,,
,Ácidos,Ácido crómico (30%),,,1,,,,,,,,,,1,2,,,,,,,,,,2,2,,,,,,,,,,,
,Ácidos,Ácido crómico (50%),,,,,,,,,,,1,,,2,,,,2,,,,,,,2,,,,,,,,2,1,,
,Sales,Sales de cromo,,,,,1,,,,,,,,,,,,,,,,,,,,,,,,,,,,,,,
,Ácidos,Ácudo cúprico,,,,2,,1,2,,1,2,,,2,,2,2,,2,2,2,1,2,2,,2,,,,,,,1,2,2,,
,Productos alimenticios,Licores de curtido,,,1,,,1,2,1,,1,,,1,,1,,,,,,,,,2,2,,,2,,,,,,,,
,Otros orgánicos,Detergentes,,1,,1,,,1,1,1,,,,,,,,,,,,,,,1,1,,,,2,,,,2,,,
,Solventes orgánicos,Diclorobenceno,,,,,,,,,,1,,,,,,,,,,,,,,,1,1,,1,,,,1,,2,,
,Solventes orgánicos,Dicloroetano,,1,,,,1,1,1,,,,1,,,,,,2,,,,,,,,1,,,,,,,1,,,
,Hidrocarburos,Diesel (carburante),,,1,,,1,,,2,1,,,1,,,,,1,,,,,,1,1,1,1,,,,,,,,,
,Aminas y nitrogenados,Dietilamina,,,,,,,,,,1,,,,,,,,,,,,,,,,,,,,,,,,,,
,Alcoholes,Dietilenglicol,,1,1,,,2,1,1,1,2,,2,1,,2,2,,,1,2,1,1,2,1,,1,,,,,,1,1,2,,
,Solventes orgánicos,Bifenilo,,,,,,,,,,,,,,,,,,,,,,,2,,,2,,,,,,,,,,
,Solventes orgánicos,Óxido de difenilo,,,,,,,,,,,,1,,2,,,,,,,,,,1,,1,,,,,,1,1,,,
,Aminas y nitrogenados,Dimetilanilina,,,,1,,,,,,,,,,1,,2,,2,,,,,,2,2,2,,,,,,2,2,2,,
,Solventes orgánicos,Dimetilformamida (DMF),,,,,,,,,,,,,,,,,,,,,,,,,,1,,,,,,,,,,
,Productos alimenticios,Aderezos alimentarios,,,,,,,,,,,,,,,,,,,,,,,,,,,,,,,,,,,,
,Sales,Sulfato de magnesio (sales de Epsom),2,,1,,,2,1,1,1,,,,1,,,,,,,,,,,,,1,,,,,,,1,,,
,Sales,Cloruro de estaño (SnCl4),,,2,,,2,1,1,1,,,,2,,,,1,,,1,,,,,,,,,,,,,,,,
,Sales,Fluoborato de estaño,,,,,,,,,,,,,,,,,,,,,,,,,,,,,,,,,,,,
,Sales,Cloruro estannoso (SnCl2),,,2,,,2,2,1,,,1,,1,,,,1,,,1,,,,2,2,,,1,,,,,,,,
,Sales,Sales de estaño,,,,,,,,,,,,,,,,,,,,,,,,,,,,,,,,,,,,
,Ácidos,Ácido esteárico,,,2,,,1,,2,1,2,,,2,,,,,,,1,,,1,,,,,,,,,,,,,
,Hidrocarburos,Estireno,,,,,,,,1,,,,,,,,,,,,,,,,,,,,,,,,,,,,
,Hidrocarburos,Etano,,1,1,1,,,,,,,,,1,,,,,,,,,,,,1,,,,,,,,,,,
,Aminas y nitrogenados,Etanolamina,,,,1,,,,,,,,1,,1,,,,,,,,,,,,,,,,,,,,,,
,Solventes orgánicos,Acetato de etilo,,,,,,,1,2,,1,,,,,,,,1,,,,,,,,2,,,,,,,1,,,
,Solventes orgánicos,Benzoato de etilo,,,,,,2,2,,,1,,,,,,,,,,,,,1,,,,,,,,,,,,,
,Anhídridos y halogenuros,Cloruro de etilo,,1,,,,1,,1,,,,,,,,,,,,,,,,,,,,,,,,1,,,,
,Solventes orgánicos,Éter etílico (dietileter),,1,,,,,,1,,,,,,1,,,,,,,,,,1,2,1,1,1,,,,1,1,2,,
,Sales,Sulfato de etilo,,,,1,,,,,,,,,,,,,,,,,,,,,,,,,,,,,,,,
,Anhídridos y halogenuros,Bromuro de etileno,,,,,,,,,,,,,,,,,,,,,,,,,,,,,,,,,,,,
,Anhídridos y halogenuros,Clorhidrina de etileno,,,,,,,,,,,,,,,,,,,,,,,,,,,,,,,,,,,,
,Anhídridos y halogenuros,Cloruro de etileno,,1,,,,,,,,1,,,,,,,,1,,,,,,,,,,,,,,,1,,,
,Aminas y nitrogenados,Etilendiamina,,,,1,,,,,2,,,,,,,,,,,,,,,1,,1,,,,,,,,,,
,Solventes orgánicos,Dicloruro de etileno,,1,,,,,,1,,,,,,,,,,1,,,,,,,,1,,,,,,,,,,
,Alcoholes,Etilenglicol,,,,,,,,,1,,,,,,,,,,,,,,,,,,1,,,,,1,1,,,
,Gases,Óxido de etileno,,,1,,,,1,1,1,,,,,,,,,,,,,,,,,,,,,,,,,,,
,Ácidos,Fenol (10%),,,1,,,,,,1,1,,,1,,,,,,,,,,,,,,,,,,,,,,,
,Ácidos,Fenol (ácido carbólico),,,1,1,,,,,,2,,,,1,,,,,,,,,,,1,,,,,,,,,,,
,Sales,Cloruro de hierro (cloruro férrico FeCl3),,,,,,1,,,2,,,,,,,,,1,,,,,,,,,,,,,,2,,,,
,Sales,Nitrato de hierro,2,,,,,2,2,1,1,,,,,,,,,,,,,,,,,,,,,,,1,,,,
,Sales,Sulfato de hierro (sulfato férrico Fe(SO4)3),2,,,,,2,2,1,1,,,,,,,,,,,,,,,1,,,,,,,,1,1,,,
,Sales,Cloruro de hierro (cloruro ferroso FeCl2),2,,,,,2,2,,,,,,,,,,,1,,,,,,,,,,1,,,,1,,,,
,Sales,Sulfato de hierro (sulfato ferroso FeSO4),1,,,,,2,2,,1,,,,,,2,,,,,,,,,,,1,1,,,,,,1,,,
,Ácidos,Ácido fluobórico,2,1,2,,,2,1,,,,,,,1,,2,,,,,,,,,,,,1,,,,1,,,,
,Gases,Flúor,1,,,1,,,,,,,,,,1,,1,,,,,,,,,,,,,,,,1,,,,
,Ácidos,Ácido fluosilícico,2,1,,,,2,2,,1,,,,,1,,2,,,,,,,1,,,,1,2,,,,,,,,
,Aldehídos y cetonas,Formaldehido (40%),2,2,2,2,,,,,1,,,,,,,,,,,1,,,,1,,,,,,,2,,,,,
,Aldehídos y cetonas,Formaldehido (100%),,,,,,,,,2,,,,,,,,,,,,,,,,,,,,,,2,,,,,
,Ácidos,Ácido fórmico,,2,2,1,,,,,1,1,,,1,,,,1,1,,,,,,1,1,,,,,,,,1,,,
,Ácidos,Ácido fosfórico (<40%),,,,,,,,1,,2,,,,,,,,,,,,,,,,,,,,,,2,,,,
,Ácidos,Ácido fosfórico (>40%),,,,,,1,,1,,2,,,,,,,,,,,,,,,,,,,,,,2,,,,
,Ácidos,Ácido fosfórico (bruto),,,,,,1,,1,,2,,,2,,,,,,,,,,,,,,,,,,,2,,,,
,Ácidos,Ácido fosfórico (disuelto),,,,,,,,,,,,,,,,,,,,,,,,,,,,,,,,,,,,
,Anhídridos y halogenuros,Anhídrido fosfórico,,,,,,,,,,,,,,,,,,,,,,,,,,,,,,,,,,,,
,Ácidos,Ácido fosforoso,,,1,,,,,,,,,2,1,1,,,,,,,,1,,2,2,,,2,,,,2,,,,
,Anhídridos y halogenuros,Triocloruro de fósforo,,,,1,,,,,,,,2,,2,,1,,2,,,,,1,1,2,,,,,,,2,,,,
,Otros inorgánicos,Soluciones fotográficas,,,,2,,,1,1,1,2,2,2,,2,,1,1,2,,1,,2,1,,,,,2,,,,2,1,2,,
,Otros inorgánicos,Revelador fotográfico,,,,,,,,,2,,,,,,,,,,,,,,,,,,,,,,,,,,,
,Gases,Freón 11,,,2,,,,,,,,,,2,,,,,,,,,,,,,,,,,,,,,,,
,Gases,Freón 12,1,,2,2,,1,,1,,2,,,2,,,,,,,,,,,1,,1,1,,,,,,,,,
,Gases,Freón 22,,,,,,,,,,,,,,,,,,,,,,,,,,,,,,,,,,,,
,Gases,Freón 113,,,,,,,,,1,,,,,,,,,,,,,,,,,,,,,,,,,,,
,Gases,Freón TF,,,,,,,,,,,,,,,,,,,,,,,,,,,,,,,,,,,,
,Ácidos,Ácido ftálico,,,,,,2,,1,,,,2,,2,,1,2,,,,1,,1,2,,2,,2,,,,2,,1,,
,Anhídridos y halogenuros,Anhídrido ftálico,,,,,,,,,1,,,,,,,,,,,,,,,,,,,,,,,,,,,
,Hidrocarburos,Fuel oil,,,,1,,,,1,1,,,,2,,,,,,,,,,,,,1,,,,,,1,,,,
,Resinas,Resina de furano,,,,1,,,,,,,,,,,,,,1,,,,,,1,,,,,,,,,,,,
,Aldehídos y cetonas,Furfural,,,,1,,,,,,,,,,2,,,,,,,,,,,,1,,,,,,,,,,
,Ácidos,Ácido gálico,,,,,,,,,,,,,,1,,,,,,,,,,,,,,,,,,1,,,,
,Hidrocarburos,Gasolina (aromática),,,1,,,,,,,,,,,,,,,,,,,,,,,,,,,,,,,,,
,Hidrocarburos,Gasolina (sin plomo),,,,2,,,,2,2,1,,,2,,1,,,2,,,,,1,1,2,2,,2,,,,,,2,,
,Productos alimenticios,Gelatina,,,2,,,2,2,1,,,,,,,,,,,,,,,,2,2,,,,,,,,,,,
,Alcoholes,Glicerina,,,,,,1,,1,2,,,,,,,,,,,,,,,2,,,,,,,,,,,,
,Ácidos,Ácido glicólico,,,,,,2,,,,,,,,,,,,,,,,,,,,,,,,,,,,,,
,Productos alimenticios,Glucosa,,,2,,,2,2,,1,,,,2,,,,,,,,,,,1,,,,,,,,,,,,
,Aceites y grasas,Grasa,,,,,,,,,,,,,,,,,,,,,,,,,,,,,,,,,,,,
,Ácidos,Ácidos grasos,,,,,,,1,1,1,,,,,,,,,,,,,,,,,,,,,,,,,,,
,Hidrocarburos,Heptano,,,,,,1,,,,2,,,1,,,,,,,,,,,,,,,,,,,,,,,
,Otros orgánicos,Herbicidas,,,,,,,,,,,,,,,,,,,,,,,,,,,,,,,,,,,,
,Hidrocarburos,Hexano,,,1,,,,,,,1,,,1,,,,,,,,,,,,,,,,,,,,,,,
,Aminas y nitrogenados,Hidrazina,,,,,,,,,,,,,,,,,,,,,,,,,,,,,,,,,,,,
,Ácidos,Ácido bromhídrico (20%),,,,1,,2,,,,2,,,2,,,,,,,,,,,,,,,,,,,,,,,
,Ácidos,Ácido bromhídrico (100%),,,2,,,1,,,,1,1,,1,,,,,,,,,,,,,,,,,,,,,,,
,Ácidos,Ácido cianhídrico,,,,,,2,1,,,,,,,,,,,,,,,,,1,,,,,,,,,,,,
,Gases,Gas cianhídrico (10%),,,,,,,,,1,,,,,,,,,,,,,,,,,,,,,,,,,,,
,Ácidos,Ácido clorhídrico (20%),,,2,1,,2,,,1,,,,2,,,,,,,,,1,,,,,,,,,,1,,,,
,Ácidos,Ácido clorhídrico (37%),,,2,,,2,,,,,,,,,,,,,,,,1,,,,,,,,,,,,,,
,Ácidos,Ácido clorhídrico (100%),,,,,,,,,,1,1,,,,,,,,,,,1,,,,,,,,,,,,,,
,Gases,Cloruro de hidrógeno (gas seco),,,,,,2,,1,,,,,2,,,,,,,,,,,,,,,,,,,,,,,
,Ácidos,Ácido fluorhídrico (20%),,,1,,,2,1,1,,2,,,,,,,,,1,,,,,,,,,2,,,,,,,,
,Ácidos,Ácido fluorhídrico (50%),,,1,2,,1,,,,2,,,1,,,,,,1,,,,,,,,,2,,,,,,,,
,Ácidos,Ácido fluorhídrico (75%),,,1,1,,1,,,,1,,,,,,,,,,,,,,,,,,1,,,,,,,,
,Ácidos,Ácido fluorhídrico (100%),,,1,,,,,,,1,,,,,,,,,,,,,,1,1,,,1,,,,,,,,
,Ácidos,Ácido fluosilícico (20%),,,,1,,2,2,,,,,,2,,,,,,,,,,,2,1,,,2,,,,,,,,
,Ácidos,Ácido fluosilícico (100%),,,,1,,1,2,,,,1,,1,1,,,,,,,,,,,,,,2,,,,,,,,
,Gases,Hidrógeno (gas),,,2,,,2,1,2,2,,,,2,,,,,,,,,,,,,,,,,,,,,,,
,Ácidos,Peróxido de hidrógeno (10%),,,,1,,,2,1,2,,,,1,,,,,,,,,,,2,,,,1,,,,,,,,
,Ácidos,Peróxido de hidrógeno (30%),,,,,,2,2,,2,1,1,,1,,,,,,,,,,,2,,,,1,,,,,1,,,
,Ácidos,Peróxido de hidrógeno (50%),,,,,,2,,,2,1,,,1,1,,,,,,,,,,2,2,,,1,,,,,,,,
,Ácidos,Peróxido de hidrógeno (100%),,,,,,2,,,,1,,,,1,,,,,,,,,,2,2,,,1,,,,,,,,
,Ácidos,Ácido sulfhídrico (acuoso),,,,,,,1,1,,1,,,1,,,,,1,,,,,,,,,,,,,,,,,,
,Gases,Sulfuro de hidrógeno (seco),,,,,,,,1,,1,,,2,,,,,,,,,,,1,,,,,,,,,,,,
,Otros inorgánicos,Hidroquinona,,,,,,,,,,,,,,,,,,,,,,,,,,,,,,,,,,,,
,Ácidos,Ácido glicólico (70%),,,,,,,,,,,,,,,,,,,,,,,,,,,,,,,,,,,,
,Otros orgánicos,Yodoformo,,,,,,,,,,,,,,,,,,,,,,,,,,,,,,,,,,,,
,Otros inorgánicos,Yodina,,,,,,1,1,,,,,,,2,,,,,,,,,,,,,,,,,,,,,,
,Otros inorgánicos,Yodina (en alcohol) (tintura de yodo),,,,,,,,,,,,,,,,,,,,,,,,,,,,,,,,,,,,
,Hidrocarburos,Isooctano,,,,2,,,,1,1,2,,,1,2,2,,,1,1,1,,1,1,1,1,1,,1,,,,,,2,,
,Solventes orgánicos,Acetato de isopropilo,,,,,,1,,1,,1,,,,,,,,,,,,,,,,,,1,,,,,,,,
,Solventes orgánicos,Éter isopropílico,,,,,,,,1,,,,1,,,,,,,,,,,,,,,,,,,,,,,,
,Hidrocarburos,Isotano,,,,,,,,,,,,,,,,,,,,,,,,,,,,,,,,,,,,
,Productos alimenticios,Soluciones jabonosas,,,,,,,1,1,1,,,,,1,,,,,,,,,,,1,,,,,,,,,,,
,Hidrocarburos,"Jet fuel (JP3, JP4, JP5)",,1,,,,,,,1,1,,,,,,,,,,,,,,,,,,,,,,,,,,
,Hidrocarburos,Keroseno,,2,,,,1,,,,,,,2,,,,,,,,,,,,,,,,,,,,,,,
,Aldehídos y cetonas,Cetonas,,,,,,1,,2,,,,,,1,,,,1,,,,,,,,,,,,,,,,,,
,Solventes orgánicos,Diluyentes para laca,,,,,,,,1,,,,,,,,,,,,,,,,1,,,,,,,,,,,,
,Resinas,Goma laca blanqueada,,,,,,1,,1,,,,,,,2,2,,,1,2,,,,,,,,,,,,,,,,
,Resinas,Goma laca naranja,,,,,,1,,1,,,,,,,,,,,,,,,,,,,,,,,,,,,,
,Ácidos,Ácido láctico,,,1,1,,1,,,,,,,1,1,,,,1,,,,,,1,1,,,2,,,,1,,,,
,Resinas,Látex,,,,,,,,1,,2,,,,,,,,,,,,,,2,2,,,,,,,,,,,
,Productos alimenticios,Leche,,,,,,,2,,,,,,2,2,1,,,,,,,,,,,,,,,,,,,,,
,Bases,"Hidróxido de potasio (lejía de potasio, potasa cáustica)",,,,,,,1,1,,,,,,,1,2,,,,,,,,,1,,,,,2,,1,,,,
,Bases,Hidróxido de sodia (lejía de soda cáustica),,,,,,,,,,,,,,,1,1,,,1,2,1,,1,,1,,,,,,,,,,,
,Bases,Hidróxido de calcio (lejía de cal),,,2,1,1,2,2,2,,2,,,2,2,,,,2,2,,,2,1,1,,1,,,,,,1,,,,
,Otros inorgánicos,Licores blancos (molino de pasta),,,,,,2,1,1,,1,,,2,1,,,,,,,,,,,,,,,,,,,,,,
,Hidrocarburos,Ligroína,,,,,,,,,,2,,,,,,,,,,,,,,,,,,,,,,,,,,
,Ácidos,Ácido linoleico,,,2,,,,,,,1,,,2,2,1,,,,,,1,2,1,,,2,,,,,,,,2,,
,Sales,Cloruro de litio,,,2,,,2,,,1,2,,,,2,2,1,,,1,1,1,2,1,1,2,,,2,,,,,,2,,
,Bases,Hidróxido de litio,,,,,,,,,,,,,,,,,,,,,,,,,,,,,,,,,,,,
,Aceites y grasas,Lubricantes,,,,,,,1,1,1,1,,,2,,,,,,,,,,,2,2,2,,2,,,,,,,,
,Sales,Bisulfato de magnesio,,,,,,,,1,1,2,,,2,,,,,,2,,,2,,1,1,,,1,,,,,,1,,
,Sales,Carbonato de magnesio,,,2,,,,2,,1,,,1,,,2,,,,,,,,,,,,,,,,,,,,,
,Sales,Cloruro de magnesio,,1,,,,1,1,1,2,2,1,,,,2,,2,,,,,,2,,,,,,,,2,2,2,2,2,
,Bases,Hidróxido de magnesio,,,,,,2,2,1,1,,,,2,,,,,,,,,,,,1,1,,,,,,,,,,
,Sales,Nitrato de magnesio,,,,,,2,1,1,1,,,,2,,,,,,,,,,,,,,,,,,,,,,,
,Bases,Óxido de magnesio,,,,,,,,,,,,,,,,,,,,,,,,,,,,,,,,,,,,
,Ácidos,Ácido maléico,,,,,,2,1,,,,,,2,,,,,,,,,,,,,1,,,,,,,,,,
,Anhídridos y halogenuros,Anhídrido maleico,,,,,,,,,,,,,,,,,,,,,,,,,,,,,,,,,,,,
,Ácidos,Ácido málico,,,,,,2,,,,1,,,2,,,,,,,,,,,,2,1,,2,,,,,,,,
,Productos alimenticios,Malta (mojada),,,,,,,,,,,,,,,,,,,,,,,,,,,,,,,,,,,,
,Sales,Sulfato de manganeso,2,1,,,,1,2,2,1,,2,,,2,2,2,,1,2,2,1,1,2,,2,1,,2,,,,2,2,2,,
,Productos alimenticios,Suero de mantequilla,,,1,1,,1,,1,1,1,,,1,,,1,,,,,,,,,,,,,,,,,,,,
,Productos alimenticios,Mayonesa,,,,,,,,,,,,,,,,,,,,,,,,,,,,,,,,,,,,
,Resinas,Melamina,,,2,,,,,,,,,,,,,,,,,,,,,,,,,,,,,,,,,
,Productos alimenticios,Melazas,,,,,,,2,1,,,,,,1,,1,,,,,,,,,,,,,,,,,,,,
,Otros inorgánicos,Mercurio,,,,,,,1,,,,,,,,,,,,,,,,,,,,,,,,,2,,,,
,Sales,Cianuro de mercurio,,,,,,,,2,,,,,,,,1,,,,,,,1,,,,,,,,,,,,,
,Sales,Cloruro de mercurio (diluido),,,,,,,2,,,,,,,,,1,,,,,,,,,,,,,,,,,1,,,
,Sales,Nitrato de mercurio,2,,2,,,,2,,2,,,,,,1,1,,,1,1,,2,1,1,1,,,,,,,1,1,,,
,Hidrocarburos,Metano,,,,,,,,,,,,,,,,,,,,,,,,,,,,,,,,,,,,
,Solventes orgánicos,Acetato de metilo,,,,,,1,,2,,,,,,1,,,,,,,,,,,,,,,,,,,,,,
,Aldehídos y cetonas,Acetona de metilo,,,,,,,,,,,,,,,,1,,,,,,,,,,,,,,,,,,,,
,Solventes orgánicos,Acrilato de metilo,,,,,,,,,,,,,,1,,,,,,,,,,,,,,,,,,,,,,
,Alcoholes,Alcohol metílico (10%),,,,1,,1,2,1,1,2,,,1,,,,,2,,,,1,,,,1,,,,,,,,,,
,Anhídridos y halogenuros,Bromuro de metilo,,,,,,1,,1,,,,,,,1,,,,,,,,,,,,,,,,,,,,,
,Aldehídos y cetonas,MBK (metil butil cetona),,,,,,,,,,,,,,,,1,,,,,,,,,,,,,,,,,,,,
,Alcoholes,Metil (Cellosolve),,,,,,,,,,,,,,,1,2,,,,,,,,,,,,,,,,,,,,
,Anhídridos y halogenuros,Cloruro de metilo,,,,,,1,,1,,,,,,,,,,1,,,,,1,,,,,2,,,,,,,,
,Solventes orgánicos,Dicloruro de metileno,,,,,,,,,,,,,,,,,,,,,,,1,,,,,,,,,,,,,
,Aldehídos y cetonas,MEK (metil etil cetona),,,,1,,2,,1,,,,,,,,2,,1,,,,,,,,,,,,,,,,,,
,Ácidos,MEKP (peróxido de metil etil cetona),,,,,,,,,,,,,,,,,,,,,,,,,,,,,,,,,,,,
,Aldehídos y cetonas,MIBK (metil isobutil cetona),,,,,,,,2,,,,,,,,1,,,,,,,,,,,,,,,,,,,,
,Aldehídos y cetonas,Metil isopropil cetona,,,,,,,,,,,,,,,,1,,,,,,,,,,,,,,,,,,,,
,Solventes orgánicos,Metacrilato de metilo,,,,,,,,,,,,,,1,,,,,,,,,,,,,,,,,,,,,,
,Aminas y nitrogenados,Metilamina,,,,,,1,,,,2,,,,,,1,,,,,,,,,,,,2,,,,,,2,,
,Solventes orgánicos,Cloruro de metileno,,,,,,,,1,,1,,,,1,,1,,,,,,,,,,,,,,,,,,,,
,Productos alimenticios,Miel,,,,,,,,,1,,,,,,,,,,,,,,,,,,,,,,,,,,,
,Otros inorgánicos,Licores minerales,,,,,,,,,,,,,,,,,,,,,,,,,,,,,,,,,,,,
,Ácidos,Ácido monocloroacético,,,,,,,,,,,,2,,1,,,2,2,,1,,,,1,1,,,1,,,,2,2,2,,
,Aminas y nitrogenados,Monoetanolamina,,,,,,,,,,,,,,,1,,,,,,,,,,,,,,,,,,,,,
,Aminas y nitrogenados,Morfolina,,,,,,,,2,,2,,2,,1,,,,,1,,,,,,1,1,,,,,,1,,1,,
,Aceites y grasas,Aceite de motor,,,,,,1,,2,,1,,,,,,,,2,,1,,2,,1,2,1,,1,,,,,1,2,,
,Hidrocarburos,Nafta,,,,,,1,,,,,,,1,,,,,,,,,,,,,,,,,,,,,,,
,Hidrocarburos,Naftalina,,,,,,,,1,,,,,,2,,,,,,,,,,,,1,,,,,,,,,,
,Hidrocarburos,Gas natural,,,,,,,,,,,,,,,,,,,,,,,,,,,,,,,,,,,,
,Sales,Cloruro de níquel,,,,,,,1,1,2,,,,,,1,1,,,,,,,,,,,,1,,,,,,,,
,Sales,Nitrato de níquel,,,2,1,,,2,1,,2,,2,,2,1,2,,2,1,2,,2,2,,2,,,2,,,,2,,,,
,Sales,Sulfato de níquel,,,,,,,1,1,,,,,,,1,1,,,,,,,,,1,,,,,,,,,,,
,Ácidos,Ácido nitratador (<1% ácido),,,,,,,,,,,,,,,,,,,,,,,,,,,,,,,,,,,,
,Ácidos,Ácido nitratador (<15% SO4H2),,,,,,,,,,,,,,,,,,,,,,,,,,,,,,,,,,,,
,Ácidos,Ácido nitratador (>15% SO4H2),,,,,,,,,,,,,,,,1,,,,,,,,,,,,,,,,,,,,
,Ácidos,Ácido nitratador (<15% HNO3),,,,,,,,,,,,,,,,,,,,,,,,,,,,,,,,,,,,
,Ácidos,Ácido nítrico (5% - 10%),,,,1,,,,,,,1,,1,1,,1,,1,,,,,,,,,,1,,,,1,1,,,
,Ácidos,Ácido nítrico (20%),,,2,1,,,2,,1,2,,,1,,,1,,1,,,,,,,,,,1,,,,1,1,,,
,Ácidos,Ácido nítrico (50%),,,1,,,1,2,,,,,,1,1,,,,,,,,,,2,1,,,1,,,,1,1,,,
,Ácidos,Ácido nítrico concentrado,,,,,,1,1,,1,,,,1,1,,,,1,,,,,,1,1,,,2,,,,1,1,,,
,Otros orgánicos,Nitrobenzeno,,,,1,,1,,1,,1,2,,,1,,1,,1,,,,,,,,,,,,,,,,,,
,Aminas y nitrogenados,Fertilizante nitrogenado,,,,,,,,,,,,,,,,,,,,,,,,,,,,,,,,,,,,
,Otros orgánicos,Nitrometano,,,,,,,,1,,2,2,,2,2,,2,,,1,,,2,,,1,,,,,,,,,2,,
,Ácidos,Ácido nitroso,,,,,,,,,,,,,,,,,,,,,,,,,,,,,,,,,,,,
,Gases,Óxido nitroso,,,,,,,,,,,,,,,,,,,,,,,,,,,,,,,,,,,,
,Ácidos,Ácido oleico,,,,,,2,1,,,1,,,2,,,,,,,,,,,,,,,1,,,,2,,,,
,Ácidos,Oleum (25%),,,,,,,,,,,1,,,1,,,,,,,,,,2,,,,,,,,,,,,
,Ácidos,Oleum (100%),,,,,,,1,,,,1,,,,,,,,,,,,,,,,,,,,,,,,,
,Ácidos,Ácido oxálico (frío),,,,,,2,1,2,,2,,1,,,,,,,,,,,,,,,,2,,,,,,,,
,Otros orgánicos,Orina,,,,,,2,2,,,,,1,,,1,1,,,,,,,1,,,,,,,,,,,,,
,Otros inorgánicos,Inhibidores de óxido,,,,,,,,,,,,,,,,,,,,,,,,,,,,,,,,,,,,
,Gases,Ozono,,,,,,1,,,1,,,,,,,,,,,,,,,,,,,,,,,,,,,
,Ácidos,Ácido palmítico,,,1,,,,,,,1,,2,1,2,2,1,,,1,,,1,1,1,1,,,,,,,,,2,,
,Hidrocarburos,Parafina,,,,,,,,1,1,1,,,,,,,,,,,,,,,,,,,,,,,,,,
,Hidrocarburos,Pentano,,,,,,,,1,,,,,,,,,,,,,,,,,,,,,,,,,,,,
,Ácidos,Ácido perclórico,,,1,,,,,,,,,,,,,,,,,,,,,,,,,,,,,,,,,
,Solventes orgánicos,Percloroetileno,,,1,,,,,1,,,,,1,,,,,,,,,,,,1,,,,,,,,,,,
,Hidrocarburos,Petrolatum (vaselina),,,,,,,,,,,,,,,,,,,,,,,,,,,,,,,,,,,,
,Hidrocarburos,Petróleo,,,2,2,,1,,1,,1,,2,,,2,,,,,1,,,2,1,1,,,1,,,,,1,2,,
,Ácidos,Ácido pícrico,,,,,,,,1,,1,,,,1,,,,,,,,,,,,,,,,,,,,,,
,Aminas y nitrogenados,Pridina,,,,,,1,,1,,2,,,,,,,,1,,,,,,,,,,,,,,,,,,
,Ácidos,Ácido pirogálico,,,,,,,,,,,,,,,,,,,,,,,,2,,,,,,,,,,,,
,Sales,Bromuro de plata,,,,,,,,,,,,,,,,,,,,,,,,,,,,,,,,,,,,
,Sales,Nitrato de plata,,,1,,,,,1,2,1,,,1,,,,,,,,,,,,,,,,,,,,,,,
,Sales,Acetato de plomo,,,2,,,2,1,,,1,,,,,,,,,,,,,,,1,,,1,,,,1,1,,,
,Sales,Nitrato de plomo,,,2,,,2,1,,,2,,1,2,2,2,2,,,1,1,1,2,2,1,1,,,2,,,,2,,1,,
,Sales,Sulfamato de plomo,,,,,,1,,1,1,2,,,,,,,,,,,,,,,,,,,,,,,,,,
,Sales,Carbonato de potasio,,,,,,1,,,,,,,,,,1,,,,,,,,,,,,,,,,,,,,
,Sales,Bicarbonato de potasio,,,,,,,1,1,,,,,,,,,,,,,1,,,,,,,,,,,,,,,
,Sales,Bromuro de potasio,1,,,,,,1,1,1,,,,,,,1,,,,,1,,,,,1,,,,,,,,,,
,Sales,Cianuro de potasio (solución),,,,,,,1,1,,,,,,,1,1,,,,,,,,1,1,,,,,,,,,,,
,Sales,Clorato de potasio,,,,,,1,1,1,1,,,,,,1,1,,2,,,,,,1,,,,1,,,1,,,2,,
,Sales,Cloruro de potasio,,,,,,1,1,1,,,,,,,1,1,,,,,,,,1,1,,,,,,,,,,,
,Sales,Cromato de potasio,,,,,,,2,,,,,1,,,1,2,,,,,,,,1,1,1,,1,,,,,,,,
,Sales,Dicromato de potasio,1,,,,,,1,1,1,,,,,,1,1,,,,,,,,,1,,,1,,,,,,,,
,Sales,Ferricianuro de potasio,,1,,1,,2,2,1,,2,,2,,2,,,1,1,,1,,,,1,1,2,,2,,,,2,2,2,,
,Sales,Ferrocianuro de potasio,,,,,,1,,1,,,,,,,,,,,,,,,,,,1,,1,,,,,,,,
,Sales,Hipoclorito de potasio,,,,,,1,,1,,,,2,1,1,1,1,1,,1,2,,1,,1,,,,,,,,2,1,,,
,Sales,Ioduro de potasio,,,,,,1,,1,,2,2,2,2,2,1,,2,,,,,,,1,1,1,,1,,,1,2,1,1,1,
,Sales,Nitrato de potasio,,,,,,,1,1,1,,,,,,2,,,,,,,,,,,,,1,,,,1,,,,
,Sales,Oxalato de potasio,,,,,,,,,,,,2,,,,,,,,,,,,,1,1,,1,,,,1,1,1,,
,Sales,Permagranato de potasio,1,,1,,,,,,2,1,,,1,,,,,,1,,,,,1,,1,,1,,,,1,,1,,
,Sales,Sulfato de potasio,,,,,,2,,1,1,,,,2,,2,1,,1,,,,,2,1,,,,1,,,,1,,,,
,Sales,Sulfuro de potasio,,,2,,,2,,,,,,,2,,,,,,,,,,,,,,,,,,,,,,,
,Hidrocarburos,Propano (líquido),,,1,,,1,1,1,1,,,,1,,,,,,,,,,,,,,,2,,,,,,,,
,Hidrocarburos,Propileno,,,,,,,,,,,,2,1,,,,,,,,,1,1,1,1,,,,,,,,,2,,
,Alcoholes,Propilenglicol,,,1,,,2,,,1,2,,,1,,,,,,,,,,,,,,,,,,,,,,,
,Resinas,Resina (sintética),,,1,,,1,,1,,2,,,1,,2,,,,,,,,,1,1,1,,,,,,,,,,
,Otros orgánicos,Resorcinol (resorcina),,,,,,2,,,1,2,,2,,,,1,,,,,,,1,,,,,,,,,,,2,,
,Productos alimenticios,Ron,,,,,,,,,,,,,,,,,,,,,,,,,,,,,,,,,,,,
,Ácidos,Ácido salicílico,,,,,,2,,1,1,1,,2,1,,,,,1,,,,1,1,2,2,2,,,,,,2,1,2,,
,Otros inorgánicos,Salmuera (NaCl saturada),,,2,,1,,,,,,,2,,,,,2,,,2,1,,2,1,2,1,,2,,,,2,2,2,,
,Productos alimenticios,Sidra,,,,,1,,,,,,,,,,,,,,,,1,,,,,,,,,,,,,,,
,Resinas,Silicona,,,,,,,1,1,2,,1,,,,,,,,,,,,,,,,,,,,,,,,,
,Sales,Acetato de sodio,,,,,,,1,1,1,,,,1,,,,,,,,,,,,1,,,,,,,,,,,
,Sales,Aluminato de sodio,,,,,,,,1,,,,,,,,,,,,,,,,,,,,,,,,,,,,
,Sales,Benzoato de sodio,,,2,2,,2,,1,2,2,,2,1,2,,,,,,1,,1,1,,,1,,,,,,1,1,2,,
,Sales,Bicarbonato de sodio,,,2,,,2,,,2,,,,2,,1,2,,,,,,,,,1,,,,,,,1,2,,,
,Sales,Bisulfato de sodio,,,2,,,2,1,1,1,,,,2,,2,2,,2,,,,,,,,,,2,,,,2,,,,
,Sales,Bisulfito de sodio,,,2,,,2,1,1,1,,,,2,,2,2,,,,,,,,1,1,,,1,,,,,,,,
,Sales,Bórax (borato de sodio),,,2,,,2,1,1,1,2,,,2,,1,,,,,,,,,2,,,,,,,,,,,,
,Sales,Bromuro de sodio,,,2,,,2,2,1,,,,2,2,2,,,,1,1,1,,2,1,,,,,,,,,,1,2,,
,Sales,Carbonato de sodio,,1,2,1,,2,,1,2,,,,2,,,2,,,,,,,,,,,,2,,,,,1,,,
,Sales,Clorato de sodio,,,1,,,2,1,,1,,,,1,,,,,,,,,,,,1,1,,1,,,,1,,,,
,Sales,Cloruro de sodio,,1,2,,,2,,1,2,,,,2,,,,,,,,,,,,,,,,,,,,,,,
,Sales,Cromato de sodio,,,,,,,,,2,,,,,,,,,,,,,,,1,,,,,,,,,,,,
,Sales,Cianuro de sodio,,,2,,,2,1,1,,,,,2,,,2,,,,1,,,2,1,1,,,,,,,,,,,
,Sales,Ferrocianuro de sodio,,,,,,,,,,,,,,,,,,,,,,,,,,,,,,,,,,,,
,Sales,Fluoruro de sodio,,,2,,,2,2,,,,,1,2,,1,,,,,,,,,,,,,,,,,,,,,
,Sales,Hidrosulfito de sodio,,,,,,,,,,,,,,,,,,,,,,,,,,,,,,,,,,,,
,Bases,Hidróxido de sodio (20%),,,,2,,,,,2,,,,,,,,,,1,2,2,1,1,,2,,,,2,2,2,,1,2,,
,Bases,Hidróxido de sodio (50%),,,,,,,,,,,,,,,1,1,,,1,2,1,1,1,,1,,,,2,,,,,,,
,Bases,Hidróxido de sodio (80%),,,,1,,,,,,,,1,,,,1,2,,1,1,1,1,1,,1,,,,,,,1,,2,,
,Sales,Hipoclorito de sodio (100%),,,2,,,2,,,,,,,,,,1,,,,,,,1,,,,,,,,,,,,,
,Sales,Hipoclorito de sodio (<20%),,,,,,,,,,,,,,,,,,,,,,,1,,,,,,,,,,,,,
,Sales,Hiposulfato de sodio,,,,,,,,,,,,,,,,,,,,,,,,,,,,,,,,,,,,
,Sales,Metafosfato de sodio,,,1,,,1,,1,,1,,,,,,,,,,,,,,,,,,,,,,,,,,
,Sales,Metasilicato de sodio,,,,,,,,,,,,,,,,1,,,,,,,,,,,,,,1,,,,,,
,Sales,Nitrato de sodio,,,,,,2,1,1,,,,,2,,1,,,,,,,,,1,1,,,,,,,,,,,
,Sales,Perborato de sodio,,,1,,,1,,1,,,,,2,,,,,,,,,,,,,,,,,,,,,,,
,Sales,Peróxido de sodio,,,2,,,,,1,2,,,,2,,,,,,,1,,,,,,,,,,,,,,,,
,Sales,Polifosfato de sodio,,,1,,,,1,1,,,,,1,,,,,,,,,,,,,,,,,,,,,,,
,Sales,Silicato de sodio,,,2,,,2,1,1,,,,,2,,,,,,,,,,,,,,,,,,,,,,,
,Sales,Sulfato de sodio,,,2,,,2,,,2,,,,2,,,,,,,,,,,,1,,,,,,,,,,,
,Sales,Sulfuro de sodio,,,2,,,2,,1,,,,,2,,,2,,1,,,,,2,,,,,1,,,,1,,,,
,Sales,Sulfito de sodio,,,2,,,1,,,,2,,,2,,,,,,,,,,2,,,1,,,,1,,,,,,
,Sales,Tetraborato de sodio,,,,,,2,,,,,,,2,,,,,,,,,,,2,,,,,,,,,,,,
,Sales,Tiosulfato de sodio (hipo),,1,2,,,1,,,,2,,,2,,,2,,,,2,,,,2,,,,2,,,,2,,,,
,Solventes orgánicos,Disolvente Stoddard,,,1,,,2,,,2,,,,1,,,,,,,1,,,,,,,,,,,,,,,,
,Otros orgánicos,Suero,,,,,,,,,,,,,,,,,,,,,,,,,,,,,,,,,,,,
,Otros inorgánicos,Licores de sulfato,,,,,,2,,1,,,,,,,2,,,,,,,,1,,,,,,,,,,,,,
,Ácidos,Ácido sulfúrico (<10%),,,,1,,1,,1,1,2,,,1,,1,,,,1,2,,,,,,,,,,,,1,,1,,
,Ácidos,Ácido sulfúrico (10% - 75%),,,,1,,1,,,1,1,,,1,,1,2,,,,1,,,2,,,,,,,,,1,,1,,
,Ácidos,Ácido sulfúrico (75% - 100%),,,,1,,1,,,,1,1,,,,,1,,,,,,,1,,,,,,,,,1,,1,,
,Ácidos,Ácido sulfúrico concentrado (frío),,,,,,,,,,2,1,,,,,,,,,,,,,,,,,,,,,1,,,,
,Ácidos,Ácido sulfúrico concentrado (caliente),,,,,,,,,,,,,,,,,,,,,,,2,,,,,,,,,,,,,
,Ácidos,Ácido sulfuroso,,,2,,,2,,,,,,,2,,1,,,,,,,,,1,,1,,,,,,,,,,
,Anhídridos y halogenuros,Cloruro sulfúreo,,,,,,,,,,,,,,,,,,,,,,,,,,,,,,,,,,,,
,Ácidos,Ácido tánico,,,1,,,2,2,1,,,,,1,,,,,,,,,,,1,,,,,,,,1,,,,
,Ácidos,Ácido tartárico,,,1,,,1,1,2,,,,,1,,,,,2,,2,,,,2,2,1,,1,,,,,1,,,
,Solventes orgánicos,Tetracloroetano,,,,,,,,1,,,,,,,,,,,,,,,,,,,,,,,,,,,,
,Solventes orgánicos,Tetracloroetileno (percloroetileno),,,,,,,,1,,,,,,,,,,,,,,,,,,,,,,,,,,,,
,Solventes orgánicos,Tetrahidrofurano (THF),,,,,,1,,,,2,,,,1,,,,1,,,,,,,,,,,,,,,,,,
,Hidrocarburos,Tolueno,,1,,1,,1,,1,,1,,,,1,,,,2,,,,,,,,,,,,,,,,,,
,Solventes orgánicos,Trementina (aguarrás),,2,,,,,,,,,,,,,,,,,,,,,,,,,,,,,,,,,,
,Ácidos,Ácido tricloroacético,,,,,,,,,,,,,,,,,,,,,,,,,,,,,,,,,,,,
,Solventes orgánicos,Tricloroetano,,,,,,,,1,,,,,,,,,,,,,,,,,,,,,,,,,,,,
,Solventes orgánicos,Tricloroetileno (TCE),,,,1,,,,1,,1,1,,,,,,,,,,,,,,,,,,,,1,,,,,
,Anhídridos y halogenuros,Triclorofosfato,,,,,,1,,2,,1,,,,,,,,,,,,,2,,,,,2,,,,,,,,
,Solventes orgánicos,Tricloropropano,,,,,,,,,,,,1,,,,,,,,,,,,,,,,,,,,,,,,
,Aminas y nitrogenados,Trietilamina,,,,,,,,1,,,,,,2,,,,,,,,,,,,,,,,,1,,,,,
,Sales,Fosfato trisódico,1,,,,,,,,,,,,,,,,,,,,,,,,,,,,,,1,,,,,
,Aminas y nitrogenados,Urea,,,,,,,,,,,,,,,,,,,,,,,,,,,,,,,,,,,,
,Ácidos,Ácido úrico,,,,,,,,,,,,,,,,,,,,,,,,,,,,,,,,,,,,
,Productos alimenticios,Vinagre,,,,,,,1,,2,,,,,,,,,,,,,1,,,,,,,,,,,,,,
,Solventes orgánicos,Acetato de vinilo (VAM),,,,1,,,,,,1,,2,,2,,2,2,,,,,,1,,,1,,,,,,,,2,,
,Solventes orgánicos,Cloruro de vinilo (VCM),,,,,,,,1,,,,2,,1,,,,,,,,,1,2,1,1,,2,,,,2,,2,,
,Productos alimenticios,Whiskey y vinos,,,2,,,,2,1,1,,,,2,,,,,,,,,,,,,1,,,,,,,,,,
,Hidrocarburos,Xileno,,,,,,,,2,,,,,,,,,,,,,,,,,,1,,,,,,,,,,
,Sales,Cloruro de zinc,,,,,,1,1,,2,,,,,,,,,,,,,,,,,,,1,,,,,1,,,
,Sales,Hidrosulfito de zinc,,,,,,,,,,,,,,,,,,,,,,,,,,,,,,,,,,,,
,Sales,Sulfato de zinc,,,,,,2,1,,2,,,,2,,,,,,,,,,,1,,,2,,,,1,2,2,,,
